L,g_0,dt,omega_A,omega_0,omega_max,sigma
31.41592653589793,1,0.1,10,10,20,1.9634954084936207
