L,gamma,dt,omega_A,omega_0,omega_max,sigma
94.24777960769379,1,0.1,10,10,20,5.890486225480862
